"year","quarter","time","Australia","Belgium","Canada","Switzerland","Germany","Denmark","Spain","Finland","France","UK","Ireland","Italy","Japan","S..Korea","Luxembourg","Netherlands","Norway","New.Zealand","Sweden","US","S..Africa","Croatia","Israel"
1975,"Q1",1975,7.6,15.18,16.16,48.83,52.02,15.78,8.71,13.49,11.1,5.92,3.44,8.19,60.14,8.7,7.49,14.92,13.36,7.41,14.57,17.27,3.23,0,0
1975,"Q2",1975.25,7.74,15.93,16.38,48.19,52.67,16.21,9.75,13.65,11.5,6.03,3.67,8.06,60.31,9.23,8.19,15.79,13.47,7.43,15.06,17.62,3.28,0,0
1975,"Q3",1975.5,8.04,16.64,17.09,47.72,53.34,17.02,9.96,13.84,11.92,6.15,3.89,7.97,60.51,9.82,8.87,16.82,13.7,7.54,15.59,17.66,3.29,0,0
1975,"Q4",1975.75,8.3,17.56,17.33,47.13,54.06,17.14,10.7,14.2,12.39,6.25,4.11,7.91,60.74,10.43,9.52,17.99,14.14,7.71,16.15,18,3.37,0,0
1976,"Q1",1976,8.58,18.75,17.57,46.43,54.83,17.66,10.77,14.42,12.89,6.46,4.32,7.88,60.96,11.07,10.16,18.99,14.12,7.85,16.72,18.14,3.44,0,0
1976,"Q2",1976.25,8.83,19.67,18.1,46.1,55.68,17.71,12.05,14.49,13.34,6.58,4.53,7.89,61.36,11.71,10.77,21.32,14.75,8.02,17.34,18.89,3.51,0,0
1976,"Q3",1976.5,9.07,20.58,18.09,45.78,56.58,18.13,12.5,14.71,13.8,6.66,4.73,7.93,61.93,12.42,11.37,23.01,15.1,8.12,17.99,19.2,3.51,0,0
1976,"Q4",1976.75,9.26,21.5,17.98,46.02,57.56,18.97,12.51,14.87,14.33,6.81,4.94,8,62.52,13.15,11.95,24.39,15.71,8.24,18.7,19.45,3.51,0,0
1977,"Q1",1977,9.48,22.45,17.87,45.94,58.6,19.06,12.8,14.94,14.96,6.94,5.06,8.11,63.21,13.74,12.56,26.86,16.01,8.41,19.49,20.02,3.51,0,0
1977,"Q2",1977.25,9.66,23.42,18.05,46.25,59.71,20.09,12.2,15.09,15.43,6.99,5.29,8.26,63.91,14.56,13.07,31.05,16.23,8.61,20.2,20.95,3.56,0,0.01
1977,"Q3",1977.5,9.87,24.4,18.23,46.59,60.89,20.92,14.17,15.09,15.88,7.13,5.53,8.44,64.64,15.53,13.51,31.75,16.6,8.67,20.89,21.43,3.56,0,0.01
1977,"Q4",1977.75,10.03,25.5,19.12,46.64,62.15,22.09,14.13,15.15,16.38,7.39,5.81,8.65,65.41,16.6,13.88,31.88,16.96,8.65,21.58,22.27,3.59,0,0.01
1978,"Q1",1978,10.22,26.13,19.39,47.01,63.51,22.85,15.43,15.42,16.77,7.65,6.09,8.9,66.16,17.55,14.09,32.26,16.99,8.64,22.2,22.96,3.63,0,0.01
1978,"Q2",1978.25,10.38,26.86,19.84,47.83,64.85,23.57,16.9,15.62,17.22,7.96,6.42,9.18,67.09,18.83,14.41,34.6,16.93,8.72,22.83,23.85,3.64,0,0.01
1978,"Q3",1978.5,10.62,27.64,20.3,48.86,66.18,24.26,17.17,15.6,17.69,8.42,6.79,9.56,68.14,20.37,14.75,32.57,17.37,8.81,23.46,24.57,3.72,0,0.01
1978,"Q4",1978.75,10.81,28.27,20.52,49.89,67.53,24.61,16.8,15.74,18.27,9.07,7.19,9.77,69.37,22.08,15.09,32.13,17.54,8.91,24.1,25.25,3.86,0,0.01
1979,"Q1",1979,11.03,28.95,20.94,50.87,68.94,25.21,16.64,16.04,18.71,9.67,7.81,9.7,70.69,24.44,15.43,31.27,17.6,9.05,24.83,26.38,3.94,0,0.01
1979,"Q2",1979.25,11.21,29.6,21.77,51.75,70.14,26.15,17.64,16.25,19.35,10.33,8.2,10.04,72.42,26.24,15.77,31.83,17.76,9.19,25.33,27.2,4.07,0,0.02
1979,"Q3",1979.5,12.05,30.08,22.75,53.06,71.16,26.64,17.41,16.6,20.07,11.01,8.54,10.67,74.53,28.12,16.13,31.44,17.94,9.3,25.73,27.78,4.23,0,0.02
1979,"Q4",1979.75,12.83,30.45,23.78,54.46,71.96,26.72,17.46,17.07,21,11.81,8.84,11.33,76.83,29.98,16.49,30.19,18.28,9.41,26.03,28.36,4.4,0,0.03
1980,"Q1",1980,13.64,30.66,24.9,56.11,72.47,26.25,17.85,17.83,22.49,12.44,8.83,12.07,79.46,31.76,16.96,29.45,18.79,9.59,26.15,28.86,4.57,0,0.03
1980,"Q2",1980.25,14.31,30.27,26.27,57.07,73.35,25.24,18.26,18.47,23.34,12.83,9.14,12.91,82.03,33.5,17.28,29.54,19.5,9.92,26.25,29.27,4.88,0,0.04
1980,"Q3",1980.5,14.74,29.72,27.53,58.16,74.53,25.77,20.46,19.1,24.1,13.2,9.51,13.61,84.71,35.38,17.54,27.94,20.01,10.26,26.33,30.09,5.34,0,0.04
1980,"Q4",1980.75,14.94,29.08,29.65,59.1,76.01,25.93,21.71,19.58,24.88,13.32,9.94,15.08,87.18,37.24,17.77,27.46,20.67,10.58,26.33,30.23,5.83,0,0.05
1981,"Q1",1981,16.15,28.65,33.41,61.01,77.91,25.77,21.13,20.45,25.57,13.52,10.75,17.62,89.47,40.09,18,27.25,21.08,10.99,26.05,30.41,6.34,0,0.06
1981,"Q2",1981.25,16.64,28.4,36.64,62.87,79.42,24.53,21.98,21.1,26.1,13.76,11.17,19.09,91.74,41.44,18.1,26.43,21.52,11.96,25.97,30.97,6.87,0,0.08
1981,"Q3",1981.5,16.38,28.07,40.55,64.08,80.67,23.74,23.21,21.89,26.54,13.83,11.52,19.8,93.97,42.54,18.1,25.56,21.95,12.88,25.98,31.47,7.41,0,0.1
1981,"Q4",1981.75,17.12,27.85,39.04,65.12,81.67,24.29,23.84,22.7,27.04,13.65,11.81,20.64,96.04,43.21,18,23.7,22.34,13.92,26.05,31.5,7.86,0,0.12
1982,"Q1",1982,16.99,27.38,38.34,66.1,82.47,24.09,21.64,24.03,27.31,13.5,11.86,21.4,97.98,41.09,17.59,22.75,22.99,15.07,26.21,32.01,8.18,0,0.16
1982,"Q2",1982.25,17.41,27.21,37.64,66.21,83.06,24.09,19.33,24.98,27.62,13.96,12.08,22.06,99.75,41.78,17.45,22.88,23.59,16.37,26.24,32.23,8.45,0,0.19
1982,"Q3",1982.5,17.2,27.38,36.02,66.51,83.44,23.62,18.77,25.89,27.9,14.15,12.3,22.73,101.35,43.17,17.39,23.44,24.05,16.76,26.28,31.94,8.69,0,0.23
1982,"Q4",1982.75,17.19,27.25,33.79,67.12,83.61,24.29,16.88,27.17,28.32,14.46,12.52,23.04,102.78,45.08,17.37,22.53,24.3,17.12,26.32,32.39,8.94,0,0.29
1983,"Q1",1983,17.58,27.04,34.03,67.8,83.54,26.37,18.14,28.94,28.8,15.08,12.78,22.85,104.03,50.14,17.4,22.53,25.18,17.31,26.13,32.97,9.46,0,0.34
1983,"Q2",1983.25,18.2,26.89,34.42,68.68,83.37,29.44,17.45,30.13,29.07,15.47,12.99,23.05,105.16,51.93,17.48,23.66,25.37,17.67,26.15,33.27,10.04,0,0.44
1983,"Q3",1983.5,18.19,26.76,35.06,69.95,83.08,29.94,16.43,31.38,29.3,15.93,13.17,23.51,106.13,53.42,17.62,24.05,25.46,18.13,26.28,33.54,10.54,0,0.55
1983,"Q4",1983.75,18.77,26.74,34.96,71.03,82.62,30.96,15.55,32.64,29.67,16.18,13.34,23.87,107.06,54.36,17.81,23.01,25.46,18.71,26.55,33.78,11.14,0,0.79
1984,"Q1",1984,19.58,26.9,34.52,72.16,81.98,32.72,16.89,33.71,30.03,16.52,13.53,24.21,107.91,53.74,18.13,22.88,26.71,19.31,26.91,34.29,11.4,0,1.22
1984,"Q2",1984.25,20.11,27.1,35.33,73.08,81.39,33.12,17.54,34.22,30.23,16.9,13.65,24.54,108.74,53.91,18.39,23.14,27.9,20,27.15,34.69,11.38,0,1.96
1984,"Q3",1984.5,21.06,27.2,35.29,73.7,80.83,33.6,19.63,34.77,30.4,17.34,13.74,24.9,109.56,54.19,18.63,23.61,29.7,20.58,27.41,35.02,11.23,0,2.96
1984,"Q4",1984.75,20.92,27.22,34.37,74.33,80.25,35.27,19.75,35.21,30.74,17.73,13.8,25.09,110.29,54.33,18.87,22.97,31.45,21.14,27.74,35.35,10.92,0,4.61
1985,"Q1",1985,22.06,27.25,34.3,75.67,79.61,36.67,20.25,35.9,31,17.96,13.7,25.04,110.94,54.31,19.01,22.71,32.61,21.82,27.89,35.85,10.59,0,6.1
1985,"Q2",1985.25,22.22,27.44,35.16,76.21,79.18,38.04,20.37,36.53,31.19,18.46,13.75,25.24,111.58,54.09,19.33,23.4,33.11,22.72,28.14,36.35,10.4,0,9.24
1985,"Q3",1985.5,22.61,27.8,35.58,77.13,78.93,40.88,20.26,36.96,31.4,18.63,13.82,25.63,112.16,54,19.74,23.44,35.38,23.62,28.45,36.91,10.24,0,12.91
1985,"Q4",1985.75,23.19,28.05,36.4,78.24,78.86,42.06,22.09,37.69,31.82,19.41,13.91,25.99,112.76,53.76,20.24,23.18,38.61,24.35,28.9,37.37,10.22,0,14.38
1986,"Q1",1986,23.56,28.26,37.16,79.89,79.02,44.46,22.25,38.52,32.22,20.06,14.18,26.38,113.31,52.38,21,23.48,42.55,24.77,28.98,38.09,10.1,0,13.46
1986,"Q2",1986.25,24.38,28.66,38.59,80.5,79,44.26,18.37,38.7,32.55,20.81,14.25,26.79,114.01,51.69,21.55,24.18,44.86,25.18,29.45,38.83,9.92,0,13.75
1986,"Q3",1986.5,24.6,29.27,39.91,81.57,78.86,43.27,17.12,39.17,32.91,21.44,14.28,27.33,114.62,51.34,22.04,24.96,47.26,25.77,30.18,39.41,9.86,0,13.76
1986,"Q4",1986.75,24.83,29.78,41.44,82.77,78.58,44.1,16.64,40.03,33.54,22.27,14.26,27.61,115.89,51.14,22.47,24.52,48.49,26.28,31.19,40.07,9.93,0,14.83
1987,"Q1",1987,25.14,30.21,43.15,84.29,78.1,41.19,17.09,40.74,34.15,23.2,13.87,27.5,117.36,50.81,22.59,24.74,47.5,27.7,32.29,40.87,10.27,0,15.13
1987,"Q2",1987.25,25.36,30.49,46.16,86.08,77.95,40.77,18.19,41.1,34.72,24.08,13.91,27.9,120.09,50.69,23.11,25.6,50.58,29.15,33.1,41.45,10.71,0,15.84
1987,"Q3",1987.5,25.86,30.84,48.16,87.93,78.06,40.64,19.16,42.36,35.35,24.89,14.03,28.7,124.93,51.67,23.79,25.86,50.01,30.61,34.08,41.91,11.09,0,16.43
1987,"Q4",1987.75,27.06,31.26,48.98,90.07,78.42,40.43,20.37,44.24,36.32,26.61,14.26,29.5,127.43,54.27,24.6,25.52,50.64,31.99,35.68,42.23,11.61,0.01,16.99
1988,"Q1",1988,28.35,31.86,49.08,93.58,79.05,40.99,21.76,45.89,37.5,28.05,14.81,30.62,128.06,56.61,25.57,25.39,52.07,32.83,37.25,42.9,12.03,0.01,17.33
1988,"Q2",1988.25,29.82,32.67,51.33,97.31,79.7,40.53,22.97,48.71,38.39,29.58,15.12,31.21,129.36,59.61,26.6,26.69,51.19,33.85,38.88,43.7,12.29,0.01,17.7
1988,"Q3",1988.5,32.71,33.36,53.87,101.4,80.4,41.44,23.84,51.71,39.29,32.97,15.44,30.38,130.5,61.75,27.74,27.33,51.55,34.1,40.94,44.15,12.75,0.01,18.38
1988,"Q4",1988.75,35.99,34.11,55.3,106.29,81.19,41.94,24.94,56.33,40.54,35.38,15.75,32.57,132.26,61.84,29.01,26.94,51.41,34.29,42.64,44.61,13.2,0.02,20.45
1989,"Q1",1989,38.97,35.35,57.61,109.46,82.14,41.55,26.92,59.43,42.15,36.52,15.87,38.31,134.43,64.41,30.66,27.12,50.72,35.07,44.81,45.14,13.6,0.04,21.19
1989,"Q2",1989.25,39.57,36.54,62.38,112.02,82.85,41.29,28.31,62.88,43.14,37.63,16.25,41.04,137.13,69.2,31.99,28.37,48.87,35.47,46.87,45.7,14.23,0.06,23.3
1989,"Q3",1989.5,39.7,37.58,61.96,113.6,83.35,40.64,29.63,64.49,44.01,38.29,16.7,41.14,140.01,69.5,33.24,29.19,46.9,36.18,48.44,46.66,14.75,0.09,25.04
1989,"Q4",1989.75,39.75,38.83,62.53,114.62,83.64,40.23,30.44,64.72,45.19,38.01,17.22,43.59,144.34,70.45,34.44,28.8,46.47,36.79,49.61,47.11,15.08,0.14,27.68
1990,"Q1",1990,40.09,40,64.23,114.25,83.63,38.39,32.45,64.66,46.42,37.56,18.28,48.36,150.38,74.31,35.7,28.37,46.06,37.5,51.75,47.38,15.71,0.22,28.73
1990,"Q2",1990.25,40.27,40.55,65.65,112.99,83.97,38.24,33,65.21,47.14,37.04,18.75,50.64,155.81,79.55,36.76,29.67,45.38,37.92,52.88,47.52,16.43,0.32,31.39
1990,"Q3",1990.5,40.12,41.15,62.74,111.93,84.58,37.42,33.65,63.82,47.71,37.06,19.11,50.69,162.03,81.52,37.71,29.19,44.55,38.25,53.59,47.79,16.82,0.46,34.98
1990,"Q4",1990.75,40.17,41.87,60.87,110.82,85.44,37.35,34.22,62.67,48.59,36.99,19.36,52.3,165.76,85.1,38.51,28.5,42.97,38.19,53.95,47.67,17.15,0.62,37.3
1991,"Q1",1991,40.23,42.31,58.81,110.22,86.6,38.11,36.16,61.13,49.79,36.8,19.23,55.13,167.57,87.34,38.9,28.5,42.68,37.94,56.6,48.08,17.69,0.59,37.71
1991,"Q2",1991.25,40.68,42.68,58.7,110.49,87.67,38.27,37.61,59.03,50,36.48,19.35,56.76,168.47,90.23,39.67,29.63,41.81,37.3,56.57,48.33,18.44,0.81,39.85
1991,"Q3",1991.5,41.94,43.44,60.97,110.9,88.7,38.26,38.48,56.36,49.91,36.53,19.46,57.39,168,89.32,40.56,30.15,41.25,37.3,56.58,48.41,19.16,1.18,48.24
1991,"Q4",1991.75,41.84,44.43,61.01,109.82,89.72,38.71,40.16,54.77,50.05,36.72,19.56,58.57,166.97,86.76,41.62,30.4,41.69,37.13,56.55,49.16,19.7,1.81,47.68
1992,"Q1",1992,41.62,45.44,60.1,108.32,90.73,38.45,38.35,52.1,49.35,36.41,19.62,60.21,164.86,84.63,43.38,31.27,41.5,37.21,54.02,49.54,19.79,3.29,45.41
1992,"Q2",1992.25,41.66,46.37,60.34,106.88,91.74,38.13,37.48,49.84,48.89,35.4,19.71,61.14,162.92,82.82,44.22,31.01,41.01,37.26,52.51,49.47,19.43,5.28,47.42
1992,"Q3",1992.5,41.8,46.9,59.86,104.68,92.75,37.55,37.36,47.66,48.39,34.86,19.81,61.47,160.78,81.66,44.66,33.39,41.62,37.55,50.71,50.02,19.29,8.43,49.29
1992,"Q4",1992.75,42.12,47.35,59.77,103.17,93.75,36.74,37.18,46.46,48.4,34.04,19.91,61.91,158.74,81.48,44.71,32.96,41.23,38.16,48.07,50.35,19.78,13.41,48.78
1993,"Q1",1993,42.6,47.97,60.35,101.97,94.76,36.26,36.86,44.64,48.46,34.46,19.95,62.51,156.58,81.06,43.8,33.13,39.42,38.38,45.94,50.37,20.1,25.48,53.53
1993,"Q2",1993.25,42.77,49,60.33,101.01,95.78,35.72,37.42,44.18,48.11,34.59,20.09,62.35,154.95,80.16,43.64,34.34,40.88,38.65,45.4,50.79,20.25,37.32,56.99
1993,"Q3",1993.5,43.06,49.88,60.94,99.56,96.8,37.55,37.71,44.43,47.74,34.69,20.26,61.34,153.8,79.19,43.66,35.81,42.7,39.36,45.18,51.19,20.7,50,57.34
1993,"Q4",1993.75,43.38,50.95,60.86,99.32,97.86,39.91,37.77,44.55,47.9,34.57,20.46,60.74,152.66,78.82,43.8,35.98,43.69,40.36,46.16,51.68,21.13,60.75,60.7
1994,"Q1",1994,43.72,51.89,60.43,99.98,98.97,42.22,37.41,45.37,48.31,35.21,20.72,60.22,151.63,78.73,44.26,36.89,44.56,41.64,46.94,52.02,21.7,49.15,64.88
1994,"Q2",1994.25,44.31,52.88,61.14,100.25,99.9,41.87,37.54,45.5,48.04,35.51,20.98,59.83,150.83,78.36,44.45,37.8,44.41,43.07,47.74,52.27,22.53,52.78,68.82
1994,"Q3",1994.5,45.15,53.62,61.51,99.89,100.68,41.42,37.98,45.06,47.68,35.48,21.27,59.44,150.32,78.43,44.56,39.79,46.87,44.59,48.16,52.47,23.18,56.04,71.8
1994,"Q4",1994.75,44.77,54.07,62.03,98.9,101.32,42.22,37.88,44.41,47.83,35.78,21.58,59.5,149.75,78.53,44.58,38.75,48.06,45.95,48.07,52.5,23.56,58.57,74.31
1995,"Q1",1995,45.25,54.7,61.79,97.96,101.82,43.19,38.49,43.84,47.83,35.74,21.65,60.16,149.27,78.49,44.17,38.8,48.52,46.35,48.04,52.78,24.05,59.06,76.37
1995,"Q2",1995.25,44.86,55.35,60.79,96.92,102.2,44.41,38.49,43.88,47.54,35.92,22.12,60.35,148.67,78.31,44.32,39.29,49.26,46.86,48.2,53.57,24.49,60.75,78.21
1995,"Q3",1995.5,45.15,56.15,60.28,95.61,102.45,45.66,38.78,43.19,47.21,35.62,22.71,60.37,147.98,78.34,44.71,40.39,50.67,48.16,47.69,54.38,24.59,62.32,81.78
1995,"Q4",1995.75,44.91,56.66,60.23,94.05,102.57,47.21,39.42,43.12,47.53,35.68,23.44,60.14,147.29,78.39,45.34,40.92,50.82,49.97,47.55,54.89,24.72,63.53,85.7
1996,"Q1",1996,44.84,56.75,59.84,92.61,102.56,47.94,39.44,43.7,48.01,36.48,24.35,59.64,146.52,78.68,46.59,42.08,51.68,52.44,47.72,55.52,25.04,64.37,89.75
1996,"Q2",1996.25,45.28,57.02,59.61,91.66,102.42,48.75,39.11,44.64,48.33,36.29,25.31,59.02,145.82,78.74,47.32,43.46,52.42,53.44,47.8,55.54,25.26,65.34,94.28
1996,"Q3",1996.5,45.57,57.18,59.36,90.85,102.13,50.38,39.1,45.14,48.99,37.08,26.39,58.22,145.12,78.96,47.9,45.01,54.39,53.46,48.39,55.78,25.4,66.18,93.29
1996,"Q4",1996.75,45.61,57.55,59.03,89.53,101.68,52.68,39.62,46.3,48.95,38.31,27.57,57.29,144.55,79.49,48.38,46,56,54.86,49.11,56.29,25.67,66.79,96.15
1997,"Q1",1997,46.09,57.35,59.59,88.61,101.01,54.02,39.85,47.99,47.35,39.17,28.44,55.9,144.14,81.06,48.64,47.45,55.65,56,49.91,56.77,25.97,67.03,99.06
1997,"Q2",1997.25,46.53,58.28,60.36,88.1,100.49,55.03,40.58,49.94,48.56,39.68,30.01,55.34,143.67,81.3,49.05,48.72,58.19,56.64,51.1,57.17,26.74,66.91,101.83
1997,"Q3",1997.5,47.53,59.33,62.96,87.92,100.07,56.44,40.81,51.64,48.63,41.01,31.86,55.45,143.22,81.43,49.49,50.14,59.52,57.06,51.99,57.94,28.12,69.93,103.79
1997,"Q4",1997.75,48.4,60.07,63.2,87.62,99.72,57.3,40.5,52.9,48.84,41.32,33.99,55.61,142.72,81.44,49.9,51.27,60.51,57.84,52.85,58.78,29.6,71.74,103.07
1998,"Q1",1998,49.72,60.96,63.77,87.53,99.41,58.4,41.15,54.63,48.27,42.77,37.23,56.13,142.21,79.11,50.16,52.43,60.89,57.13,54.32,59.66,30.55,74.15,103.55
1998,"Q2",1998.25,50.58,61.82,63.82,87.34,99.26,60.34,42.62,56.11,49.14,44.65,39.58,56.41,141.61,73.38,50.67,53.81,63.09,55.61,55.57,60.12,31.15,73.79,104.29
1998,"Q3",1998.5,50.74,63.11,63.9,87.09,99.27,61.41,43.59,57.22,49.95,45.88,41.87,56.37,141.04,71.78,51.3,55.61,64.06,54.75,56.91,60.94,31.98,74.03,104.42
1998,"Q4",1998.75,51.61,64.26,63.83,86.83,99.44,62.66,43.8,57.97,50.1,46.34,44.11,56.91,140.11,71.02,52.04,57.2,63.13,55.78,58.49,61.75,32,73.19,110.79
1999,"Q1",1999,52.52,65.72,64.22,86.95,99.8,63.63,44.54,59.03,51.02,47.12,46.22,57.97,138.77,72.12,52.97,59.43,64.58,56.55,59.43,62.41,31.93,72.58,110.21
1999,"Q2",1999.25,53.5,67.05,65.3,86.99,100.1,64.08,45.25,60.77,51.99,48.6,48.36,58.92,137.57,72.43,53.84,62.01,66.92,57,61.02,63.17,32.66,74.64,109.47
1999,"Q3",1999.5,54.8,68.07,65.24,86.94,100.38,65.52,46.55,62.36,53.65,50.73,50.48,59.92,136.39,73.25,54.74,65.29,68.33,57.14,62.48,64.05,33.11,74.88,110.77
1999,"Q4",1999.75,56.49,68.46,66.47,86.99,100.65,65.94,47.88,64.07,54.2,52.73,52.57,60.96,135.16,73.68,55.63,68.16,70.99,57.11,63.62,64.8,34.15,75.36,110.3
2000,"Q1",2000,57.55,69.32,66.99,87.09,100.92,66.92,48.77,66.08,55.49,54.73,55.11,61.97,133.89,74.07,56.17,71.23,72.8,56.91,65.44,66.04,36.38,76.93,105.58
2000,"Q2",2000.25,58.66,70,67.71,87.7,101.05,68.18,49.41,66.22,56.9,57.02,56.95,63.27,132.59,74.18,57.36,74.02,76.23,56.45,67.79,67.03,37.96,75.24,106.7
2000,"Q3",2000.5,58.85,70.78,68.02,88.21,101.61,70.01,50.29,65.9,58.47,57.36,58.57,64.94,131.26,74.3,58.88,77.17,75.68,56.48,69.7,68.24,39.22,70.89,104.47
2000,"Q4",2000.75,60.12,71.96,68.22,88.5,101.97,70.93,51.57,66.68,58.64,59.8,59.96,66.33,129.9,74.21,60.76,78.97,77.88,56.48,71.26,69.38,40.88,68.6,102.84
2001,"Q1",2001,61.46,72.87,69,88.82,102.28,72.27,52.89,67.85,59.84,60.28,60.3,67.53,128.51,74.12,63.64,80.81,78.73,56.65,73.17,71.1,42,76.45,101.98
2001,"Q2",2001.25,63.53,73.63,69.75,89.37,102.31,72.65,53.99,68.07,61.57,61.64,61.59,68.83,127.05,75.32,65.64,83,80.72,56.64,73.64,72.2,43.17,77.42,100.7
2001,"Q3",2001.5,67.1,74.26,70.34,89.94,101.75,73.76,55.51,68.05,62.84,63.07,63,70.01,125.52,78.38,67.36,85.12,82.08,57.25,74.3,73.31,44.83,70.65,101.31
2001,"Q4",2001.75,69.46,74.95,71.02,90.86,100.7,73.49,57.34,69.56,63.42,62.58,64.53,71.63,123.92,80.63,68.83,85.89,82.6,58.21,74.63,74.32,46.47,72.58,100.98
2002,"Q1",2002,72.77,76.13,73.67,92.11,100.52,74.58,59.85,72.69,64.42,65.49,65.73,73.78,122.24,85.3,69.61,87.45,83.42,59.56,75.94,75.4,47.75,83.82,106.33
2002,"Q2",2002.25,76.91,77.4,75.2,93.03,100.79,75.42,62.52,74.36,66.36,69.89,67.66,75.56,120.54,88.52,71.08,88.65,84.63,60.94,77.55,76.58,49.49,75.24,108.48
2002,"Q3",2002.5,80.38,78.89,76.75,94.02,100.46,76.18,64.75,75.29,68.57,73.75,69.88,77,118.82,91.74,72.78,90.17,81.99,62.84,79.72,78.08,51.95,78.14,106.54
2002,"Q4",2002.75,83.13,80.08,79.02,95.07,99.83,76.53,67.15,76.53,69.9,78.29,72.4,78.83,117.02,94.33,74.63,90.06,83.46,65.02,81.26,79.3,54.23,76.57,104.91
2003,"Q1",2003,85.48,81.03,80.89,95.74,100.45,76.65,70,79.06,71.63,80.84,76.28,80.96,115.12,94.95,76.55,90.84,84.74,68.29,82.08,80.28,56.81,79.23,103.83
2003,"Q2",2003.25,89.86,82.19,82.65,96.33,101.3,77.59,73.31,80.6,74.11,82.15,78.94,83.03,113.26,97.54,78.75,91.86,83.53,70.77,82.97,81.14,59.93,79.59,99.53
2003,"Q3",2003.5,95.48,83.37,85.06,96.9,100.9,78.85,76.35,81.81,76.55,83.47,81.47,85.1,111.38,99.3,81.16,92.68,84.32,76.17,84.23,82.37,62.85,86.96,99.95
2003,"Q4",2003.75,99.17,84.95,86.05,97.34,100.15,79.2,79.37,84.84,78.76,86.16,83.86,87.32,109.54,100.56,83.84,93.67,86.37,81.13,86.21,84.81,66.91,77.78,98.82
2004,"Q1",2004,99.03,85.93,88.57,97.95,100.27,81.4,82.79,87.52,81.93,88.2,85.49,89.8,107.69,99.66,87.15,94.73,92.42,84.25,88.46,86.15,72.64,84.06,99.54
2004,"Q2",2004.25,97.67,87.04,92.16,98.41,99.51,83.75,86.26,89.33,84.94,92.01,87.85,91.89,106.03,99.72,89.98,95.75,91.4,86.51,90.92,88.12,78.57,89.01,101.36
2004,"Q3",2004.5,97.99,88.91,93.58,99,98.61,86.48,89.37,90.22,88.36,95.09,90.33,93.64,104.51,99.06,92.7,97.13,92.66,88.66,92.54,91.48,84.66,91.3,100.38
2004,"Q4",2004.75,99.45,91.6,94.1,99.33,98.11,88.57,92.73,92.36,91.38,96.75,92.92,95.56,103.08,98.18,95.33,97.45,95.24,91.05,94.69,93.55,90.08,95.17,97.84
2005,"Q1",2005,99.17,95.18,96.35,99.44,99.82,92.1,95.74,96.17,94.64,97.97,95.65,97.68,101.75,97.9,97.56,98.33,97.4,95.58,95.93,95.72,94.15,97.71,97.68
2005,"Q2",2005.25,99.48,98.38,99.33,99.53,99.98,96.66,98.56,99.18,98.27,99.37,97.56,99.4,100.52,99.2,98.88,99.57,98.92,98.37,98.1,98.65,98.02,99.03,99.63
2005,"Q3",2005.5,99.67,101.57,101.33,100.14,100.53,102.59,101.41,101.42,102.08,100.65,101.4,100.63,99.35,101.25,101.45,100.77,100.98,101.06,101.22,101.6,101.99,100.24,100.91
2005,"Q4",2005.75,101.68,104.87,102.99,100.89,99.67,108.65,104.29,103.24,105.01,102.01,105.4,102.29,98.38,101.65,102.11,101.33,102.71,104.99,104.75,104.04,105.84,103.02,101.78
2006,"Q1",2006,103.08,107.87,106.77,101.67,99.99,115.22,107.19,104.46,108.15,104.22,107.71,104.41,97.6,102.61,105.63,102.89,106.79,107.25,108.65,105.71,109.57,115.1,102.58
2006,"Q2",2006.25,106.72,110.69,112.71,102.24,100.17,121.4,109.48,106.06,111.04,106.54,111.84,106.02,96.94,104.8,108.7,104.13,109.94,108.53,110.88,106.65,113.42,112.32,100.89
2006,"Q3",2006.5,109.74,113.17,116.23,102.5,99.39,124.75,111.43,107.53,113.55,108.67,118.25,107.16,96.39,106.15,108.69,105.47,114.5,111.33,113.3,107.52,116.85,121.98,100.51
2006,"Q4",2006.75,111.59,115.71,117.03,103.05,98.93,124.95,113.42,109.15,115.45,111.98,121.27,108.64,96.02,111.07,109.32,105.96,118.54,115.2,115.61,108.76,121.36,121.98,97.84
2007,"Q1",2007,113,118.6,119.7,103.83,97.46,126.66,114.94,110.77,117.08,115.24,124.03,110.46,95.89,114.93,109.29,107.13,123.42,119.82,117.78,109.18,126.66,130.43,97.24
2007,"Q2",2007.25,117.45,121.04,125.32,104.13,97.53,127.31,116.13,112.35,118.57,117.86,125.27,111.83,95.72,115.1,109.99,108.4,126.99,123.41,122.27,108.96,131.18,131.64,97.97
2007,"Q3",2007.5,122.32,122.83,128.43,104.45,97.54,128.14,117.27,113.41,119.96,119.86,125.43,112.8,95.62,115.99,110.59,110.06,128.83,124,126.58,107.74,134.35,131.64,100.8
2007,"Q4",2007.75,127.21,124.73,129.26,104.85,97.81,126.41,118.62,113.88,122.03,121.16,125.02,113.95,95.45,116.87,111.41,110.45,129.97,124.36,128.6,107.57,136.09,134.06,99.57
2008,"Q1",2008,128.22,126.49,131.39,105.51,98.5,125.08,119.36,114.47,122.12,119.6,122.73,115.58,95.35,117.98,110.72,111.76,130.95,123.23,128.26,106.83,137.47,137.68,101.68
2008,"Q2",2008.25,126.79,127.92,133.39,106.72,98.54,125.14,118.86,114.71,121.55,117.08,120,115.89,94.92,120.18,109.69,111.86,130.85,117.96,128.34,104.03,138.43,137.91,104.3
2008,"Q3",2008.5,123.99,128.54,131.32,107.96,97.74,122.21,117.52,113.07,120.62,111.22,117.27,115.12,94.22,121.83,108.49,113.1,128.4,115.61,128.74,100.76,137.65,140.36,109.27
2008,"Q4",2008.75,122.05,128.39,127.19,109.01,97.62,113.15,114.57,110.01,117.37,105.04,112.51,114.13,93.39,121.49,108.56,112.29,123.18,113.24,126.23,99.99,136.62,137.68,110.28
2009,"Q1",2009,121.24,127.73,123.51,110.39,97.62,106.46,111.38,109.22,113.09,101.04,105.71,112.33,92.27,119.78,108.83,111.51,124.56,111.84,125.46,100.74,134.43,135.24,112.32
2009,"Q2",2009.25,125.95,127.3,125.32,111.75,98.3,106.07,109.08,111.35,110.51,100.93,98.89,111.16,91.34,119.51,109.94,108.68,128.35,114.2,128.34,97.95,132.94,128.82,117.25
2009,"Q3",2009.5,131.96,128.05,129.32,113.16,98.41,107.31,107.81,114.34,111.27,103.65,94.51,110.31,90.51,120.79,110.41,107.2,132.01,116.85,131.04,95.34,138,125.92,123.88
2009,"Q4",2009.75,138.92,129.06,132.91,114.8,98.94,107.43,107.12,117.51,112.59,106.96,92.16,109.58,89.64,122.3,111.87,106.32,135.15,119.22,134.98,94.77,142.89,125.87,130.35
2010,"Q1",2010,144,130.77,136.98,115.97,98.81,108.04,106.21,120.28,114.46,108.83,89.17,109.05,88.76,123.02,113.29,106.14,137.51,119.03,138.42,93.65,148.17,122.86,135.35
2010,"Q2",2010.25,146.29,132.37,139.96,117.15,99.47,109.82,105.08,122.47,116.32,109.3,86.83,108.61,87.92,123.31,114.38,106.28,140.12,118.09,139.88,92.7,149.32,123.06,139.99
2010,"Q3",2010.5,145.1,133.9,138.6,118.56,99.63,110.58,104.13,123.51,118.47,109.55,84.57,108.35,87.13,123.45,115.9,106.35,140.62,117.43,140.03,93.57,145.45,121.63,144.44
2010,"Q4",2010.75,145.48,135.63,138.06,119.95,99.86,110.59,103.24,124.06,121.11,108.53,82.48,108.01,86.36,124.34,117.85,105.15,143.85,117.21,142.01,93.02,145.72,121.33,149.18
2011,"Q1",2011,144.14,136.98,140.79,121.07,101.31,108.77,101.29,125.13,122.48,107.97,79.56,107.79,85.61,126.49,118.39,104.62,147.84,117.21,143.08,90.47,147.93,120.45,154.56
2011,"Q2",2011.25,142.39,138.31,144.95,122.19,102.21,108.85,99.59,126.28,124.52,107.37,76.29,107.18,84.94,129.24,119.23,104.16,149.2,118.57,142.39,88.82,150.55,120.83,158.24
2011,"Q3",2011.5,140.21,139.41,145.84,123.3,102.43,105.98,98.16,126.32,125.77,107.35,73.37,106.24,84.38,131.34,120.15,103.38,151.27,120.3,140.95,89.49,151.64,121.57,158.8
2011,"Q4",2011.75,139.06,140.46,145.84,124.65,103.14,103.17,96.4,125.69,125.55,107.2,69.49,105.3,83.78,133.09,120.32,101.58,154.07,120.6,138.11,90.01,149.2,121.22,157.2
2012,"Q1",2012,139.26,141.58,148,125.87,104.05,102.81,93.88,126.57,124.77,107.51,66.13,104.26,83.16,133.82,117.51,100.31,155.91,121.41,138.05,89.1,145.95,120.48,157.99
2012,"Q2",2012.25,139.74,141.92,152.35,126.6,105.29,102.94,91.24,127.63,124.19,107.98,64.73,103.2,82.59,133.89,118.15,98.37,157.77,123.56,138.3,88.65,147.58,118.68,160.02
2012,"Q3",2012.5,139.93,142.08,152.1,127.79,106.65,103.31,88.8,128.38,123.74,107.88,64.92,102.22,82.05,133.76,117.77,94.51,160.92,126.14,139.36,89.77,152.63,118.19,162.94
2012,"Q4",2012.75,142.69,142.29,150.98,129.4,107.83,103.78,86.98,128.42,122.94,108.21,65.43,100.88,81.58,133.47,119.11,93.84,163.19,128.75,140.87,90.64,157.05,114.46,168.21
2013,"Q1",2013,144,142.7,151.68,131.07,108.46,104.76,86.19,128.83,122.25,108.96,64.1,99.02,81.18,133.2,124.4,91.69,164.68,130.65,141.74,91.13,161.31,112.89,173.29
2013,"Q2",2013.25,147.13,142.51,155.75,132.59,109.59,106.2,85.38,129.68,121.45,109.68,64.48,97.69,80.85,132.85,126.37,89.82,166.51,134.8,142.48,92.47,164.45,113.44,175.07
2013,"Q3",2013.5,151.53,142.37,156.73,133.69,110.04,106.1,84.69,129.84,120.81,111,66.67,96.83,80.6,133,128.05,90.17,165.8,139.02,143.64,93.95,166.96,113.3,178.4
2013,"Q4",2013.75,157.61,141.83,157.62,134.49,110.57,106.82,83.43,129.34,120.67,113.02,69.14,95.71,80.36,133.62,130.83,89.85,165.55,140.54,146.36,94.95,170.51,112.15,181.31
2014,"Q1",2014,159.79,141.74,160.04,134.55,111.47,107.68,83,128.88,119.96,115.98,68.79,94.4,80.16,134.29,132.53,90.35,166.12,141.04,149.53,95.83,175.03,112.1,186.49
2014,"Q2",2014.25,162.73,142.02,164.55,134.95,112.78,109.94,82.73,128.97,119.86,118.62,71.24,93.41,80,134.65,134.62,90.91,169.33,144.13,151.98,97.64,179.46,113.05,188.62
2014,"Q3",2014.5,165.51,142.18,165.95,135.46,113.6,110.1,82.68,128.54,119.12,120.93,76.06,92.64,79.88,135.33,136.47,91.76,171.95,145.71,155.42,99.09,183.38,110.9,187.75
2014,"Q4",2014.75,168.63,142.94,166.8,136.13,114.31,110.59,83,127.72,117.61,122.63,80.25,91.93,79.75,136.42,138.08,91.83,174.88,149.47,158.89,100.1,186.95,110.01,190.19
2015,"Q1",2015,171.8,142.56,169.28,137.03,115.84,114.13,83.11,127.32,117.09,123.84,79.46,91.36,79.6,137.24,142.06,92.5,176.05,153.71,163.31,101.09,188.52,111.17,194.09
2015,"Q2",2015.25,179.87,143.18,174.68,137.7,117.67,116.57,83.61,127.55,116.68,124.86,80.48,90.8,79.5,138.64,142.81,93.21,178.23,160.22,167.83,102.93,191.05,109.2,197.81
2015,"Q3",2015.5,184.38,143.86,177.92,138.2,118.78,116.76,83.92,127.53,116.87,127.41,83.05,90.28,79.45,140.66,141.51,94.41,180.58,167.4,172.71,104.67,193.83,109.24,200.58
2015,"Q4",2015.75,184.26,144.27,180.08,138.76,119.95,117.53,84.49,127.45,117.04,130.54,85.81,89.84,79.38,142.32,142.21,95.04,180.56,166.13,178.3,105.74,196.31,110.13,204.69
2016,"Q1",2016,184.51,145.04,185.04,139.13,120.83,119.24,85.04,127.85,117.43,133.64,85.62,89.09,79.31,142.95,146.53,96.28,183.35,170.52,180.55,106.65,200.05,111.83,208.7
2016,"Q2",2016.25,188.23,145.65,198.06,139.54,121.97,121.04,85.55,128.95,117.36,135.82,86.16,89.54,79.25,142.82,149.61,97.31,185.94,173.79,182.73,108.54,201.37,111.83,211.69
